ONLINE,,,,,,,,,,,,
Dataset,Strategy,Treino Inicial,Budget,Hamming Loss,Exact Match,F1-score,Execution Time (s),Memory Usage (MB),Queried Instances,Queries/s,Query Rate,Number of Drifts
flags,NoQuery,0%,0%,0.4845360824742268,0.0,0.33078815514382526,1.0397508144378662,0.0234375,0,0.0,0.0,0
flags,FullSupervision,0%,100%,0.2938144329896906,0.07216494845360824,0.6771012778744737,10.555912971496582,0.01953125,194,18.3783250699248,1.0,0
flags,Random,0%,10%,0.349042709867452,0.05154639175257732,0.6043685838788931,2.1422181129455566,0,19,8.869311619195928,0.0979381443298969,0
flags,Uncertainty,0%,10%,0.3726067746686303,0.020618556701030927,0.5779596262843684,2.3789241313934326,0.00390625,19,7.986803677034848,0.0979381443298969,0
flags,QBC,0%,10%,0.4845360824742268,0.0,0.33078815514382526,4.053438663482666,0,0,0.0,0.0,0
flags,NoQuery,5%,0%,0.3451737451737451,0.016216216216216217,0.6323782223782223,2.545334577560425,0,0,0.0,0.0,0
flags,FullSupervision,5%,100%,0.28416988416988415,0.07567567567567568,0.687968487968488,8.77345585823059,0.0078125,185,21.086331656464314,1.0,0
flags,Random,5%,10%,0.30193050193050186,0.0918918918918919,0.6675119925119924,1.5570015907287598,0,18,11.56068183050156,0.0972972972972973,0
flags,Uncertainty,5%,10%,0.325096525096525,0.06486486486486487,0.6518562068562068,3.161102533340454,0,18,5.69421580292074,0.0972972972972973,0
flags,QBC,5%,10%,0.2957528957528957,0.10810810810810811,0.6833781833781833,5.684512615203857,0.12109375,18,3.166498382263593,0.0972972972972973,0
flags,NoQuery,10%,0%,0.31755102040816324,0.09142857142857143,0.6442342895200037,1.5594685077667236,0,0,0.0,0.0,0
flags,FullSupervision,10%,100%,0.283265306122449,0.08,0.6890315398886827,8.47620177268982,0,175,20.646039900070228,1.0,0
flags,Random,10%,10%,0.343673469387755,0.05142857142857143,0.619275962133105,2.333451986312866,0,17,7.285343816678242,0.09714285714285714,0
flags,Uncertainty,10%,10%,0.30612244897959173,0.11428571428571428,0.6629327973613687,1.6510016918182373,0,17,10.296779272998814,0.09714285714285714,0
flags,QBC,10%,10%,0.2995918367346938,0.09142857142857143,0.6693141303141303,7.52438759803772,0,17,2.2593200813357117,0.09714285714285714,0
flags,NoQuery,20%,0%,0.30860805860805857,0.09615384615384616,0.6664226976726976,0.7487916946411133,0,0,0.0,0.0,0
flags,FullSupervision,20%,100%,0.271978021978022,0.08974358974358974,0.7030171217671216,8.989688396453857,0.078125,156,17.3532154976069,1.0,0
flags,Random,20%,10%,0.28937728937728935,0.10256410256410256,0.6876047563547563,1.566870927810669,0,8,5.105717298091749,0.05128205128205128,0
flags,Uncertainty,20%,10%,0.2921245421245421,0.1346153846153846,0.6867357179857179,3.559366226196289,0,15,4.214233390653292,0.09615384615384616,0
flags,QBC,20%,10%,0.28205128205128194,0.09615384615384616,0.6885662948162946,9.2955322265625,0.01171875,15,1.6136784462041525,0.09615384615384616,0
flags,NoQuery,30%,0%,0.3161764705882352,0.08823529411764706,0.659499140565317,1.2496609687805176,0,0,0.0,0.0,0
flags,FullSupervision,30%,100%,0.282563025210084,0.08088235294117647,0.690559746625923,9.162789821624756,0,136,14.842641013005833,1.0,0
flags,Random,30%,10%,0.2909663865546218,0.08823529411764706,0.6869066187080892,0.9776027202606201,0,9,9.206193695533786,0.0661764705882353,0
flags,Uncertainty,30%,10%,0.305672268907563,0.10294117647058823,0.6681242572786691,1.6808743476867676,0,13,7.73407007959322,0.09558823529411764,0
flags,QBC,30%,10%,0.2993697478991596,0.08823529411764706,0.6734543438587556,4.858759880065918,0,13,2.675579843600674,0.09558823529411764,0
flags,NoQuery,50%,0%,0.26509572901325473,0.10309278350515463,0.7097897234495173,1.0855932235717773,0.44140625,0,0.0,0.0,0
flags,FullSupervision,50%,100%,0.2724594992636229,0.08247422680412371,0.6989248151619285,9.59809136390686,358.3671875,97,10.106175938766704,1.0,0
flags,Random,50%,10%,0.2577319587628865,0.13402061855670103,0.7163542070758565,0.7090330123901367,0.1328125,9,12.693344093614446,0.09278350515463918,0
flags,Uncertainty,50%,10%,0.26656848306332837,0.10309278350515463,0.7114398774192587,1.0284080505371094,0,9,8.751390068659562,0.09278350515463918,0
flags,QBC,50%,10%,0.2768777614138438,0.09278350515463918,0.6956468216777495,7.814486503601074,483.4140625,9,1.151707152588032,0.09278350515463918,0
flags,NoQuery,80%,0%,0.29670329670329676,0.10256410256410256,0.6607280184203262,0.3214578628540039,0,0,0.0,0.0,0
flags,FullSupervision,80%,100%,0.27106227106227104,0.1282051282051282,0.6918895918895919,1.805180549621582,0,39,21.604487156797433,1.0,0
flags,Random,80%,10%,0.2930402930402931,0.10256410256410256,0.6659274486197563,0.2897167205810547,0,3,10.354942559004575,0.07692307692307693,0
flags,Uncertainty,80%,10%,0.27472527472527475,0.1282051282051282,0.6881043457966535,0.3830244541168213,0,3,7.8323980825647475,0.07692307692307693,0
flags,QBC,80%,10%,0.2783882783882784,0.1282051282051282,0.6874320124320126,2.653510332107544,0.1484375,3,1.1305778476533226,0.07692307692307693,0
emotions,NoQuery,0%,0%,0.3114109050028106,0.0,0.4051305636465839,3.208205461502075,0,0,0.0,0.0,0
emotions,FullSupervision,0%,100%,0.2248454187745925,0.21585160202360876,0.6714559470883248,64.78176379203796,0,593,9.153810660414328,1.0,0
emotions,Random,0%,10%,0.29904440697020795,0.12647554806070826,0.6093976989845454,13.569612264633179,0,59,4.347950320863123,0.09949409780775717,0
emotions,Uncertainty,0%,10%,0.2670039347948286,0.1467116357504216,0.6311451664318443,15.417537689208984,415.90625,59,3.826810816963021,0.09949409780775717,0
emotions,QBC,0%,10%,0.3114109050028106,0.0,0.4051305636465839,9.190887928009033,0,0,0.0,0.0,0
emotions,NoQuery,5%,0%,0.27570921985815605,0.11879432624113476,0.6134710197210198,5.831653118133545,0.00390625,0,0.0,0.0,0
emotions,FullSupervision,5%,100%,0.2222222222222222,0.22163120567375885,0.6770217371281201,72.8284363746643,0,564,7.744227777986531,1.0,0
emotions,Random,5%,10%,0.23906619385342792,0.1950354609929078,0.6778896487673083,10.765273809432983,0,56,5.20191134859296,0.09929078014184398,0
emotions,Uncertainty,5%,10%,0.25,0.1453900709219858,0.6535333067247961,23.619651317596436,0,56,2.3709071419814096,0.09929078014184398,0
emotions,QBC,5%,10%,0.25916075650118203,0.17198581560283688,0.6543248467450595,48.07432985305786,0.09765625,56,1.164862831601968,0.09929078014184398,0
emotions,NoQuery,10%,0%,0.26747815230961297,0.17790262172284643,0.6567722435699964,6.586613893508911,0,0,0.0,0.0,0
emotions,FullSupervision,10%,100%,0.21847690387016228,0.22846441947565543,0.680479419664813,69.88782382011414,0.0234375,534,7.640815964945121,1.0,0
emotions,Random,10%,10%,0.2565543071161049,0.1704119850187266,0.6545495079202944,10.46305537223816,0,53,5.06544198749306,0.09925093632958802,0
emotions,Uncertainty,10%,10%,0.25749063670411987,0.21348314606741572,0.672680861585356,14.648921966552734,0,53,3.6180136750685588,0.09925093632958802,0
emotions,QBC,10%,10%,0.24531835205992503,0.18352059925093633,0.6573048570239581,44.153096199035645,361.28125,53,1.2003688203672924,0.09925093632958802,0
emotions,NoQuery,20%,0%,0.2543859649122807,0.17684210526315788,0.6619547353231564,4.139881134033203,0,0,0.0,0.0,0
emotions,FullSupervision,20%,100%,0.2168421052631579,0.23157894736842105,0.6814935064935065,51.00946116447449,0.09375,475,9.311997993243134,1.0,0
emotions,Random,20%,10%,0.25263157894736843,0.1831578947368421,0.6570645553277131,9.492106676101685,0,46,4.846131798730664,0.0968421052631579,0
emotions,Uncertainty,20%,10%,0.2550877192982456,0.14947368421052631,0.6325547960811118,11.826065301895142,0,47,3.9742719831310414,0.09894736842105263,0
emotions,QBC,20%,10%,0.24596491228070172,0.1726315789473684,0.6463420672894357,43.275248765945435,494.2265625,47,1.0860711686303623,0.09894736842105263,0
emotions,NoQuery,30%,0%,0.25841346153846156,0.13701923076923078,0.6323673722111223,2.9000163078308105,0,0,0.0,0.0,0
emotions,FullSupervision,30%,100%,0.21834935897435898,0.23076923076923078,0.6804037108724609,45.51953959465027,0.13671875,416,9.1389325046884,1.0,0
emotions,Random,30%,10%,0.25320512820512825,0.14903846153846154,0.6296932234432234,9.153585195541382,0,37,4.042132040025401,0.0889423076923077,0
emotions,Uncertainty,30%,10%,0.2556089743589744,0.1466346153846154,0.6222923777611277,10.492011308670044,0,41,3.907735017986472,0.0985576923076923,0
emotions,QBC,30%,10%,0.2512019230769231,0.15384615384615385,0.6350042318792318,41.965256690979004,0.390625,41,0.9769986706363577,0.0985576923076923,0
emotions,NoQuery,50%,0%,0.24074074074074073,0.21548821548821548,0.655081600031095,2.4726526737213135,0.0078125,0,0.0,0.0,0
emotions,FullSupervision,50%,100%,0.21492704826038161,0.24242424242424243,0.6933759188809693,34.49947547912598,0.2890625,297,8.608826536499109,1.0,0
emotions,Random,50%,10%,0.23288439955106618,0.22895622895622897,0.6643788777627161,5.068572282791138,0.00390625,21,4.143178557658019,0.0707070707070707,0
emotions,Uncertainty,50%,10%,0.23120089786756454,0.2255892255892256,0.6704069312655171,5.774380445480347,0,29,5.022183812412036,0.09764309764309764,0
emotions,QBC,50%,10%,0.23007856341189672,0.23905723905723905,0.6655901244285082,28.51775026321411,292.15625,29,1.0169105112547379,0.09764309764309764,0
emotions,NoQuery,80%,0%,0.211484593837535,0.2773109243697479,0.6750936738331696,0.8137223720550537,0,0,0.0,0.0,0
emotions,FullSupervision,80%,100%,0.21288515406162467,0.226890756302521,0.6929029187432547,12.946532011032104,0.046875,119,9.191650698318032,1.0,0
emotions,Random,80%,10%,0.21148459383753498,0.2773109243697479,0.680414286926892,1.9007596969604492,0,11,5.787159743333345,0.09243697478991597,0
emotions,Uncertainty,80%,10%,0.22268907563025203,0.24369747899159663,0.6649462815429203,2.0260837078094482,0,11,5.4291932547510235,0.09243697478991597,0
emotions,QBC,80%,10%,0.2198879551820728,0.25210084033613445,0.6686747426243224,10.702691316604614,0.12109375,11,1.0277788711830012,0.09243697478991597,0
scene,NoQuery,0%,0%,0.1789918293865116,0.0,0.45050672911080053,18.410679578781128,0,0,0.0,0.0,0
scene,FullSupervision,0%,100%,0.050062318238471126,0.7781470710427919,0.9019908114320244,470.30271196365356,5974.37109375,2407,5.117980268389395,1.0,0
scene,Random,0%,10%,0.1693671236670821,0.3298712089738263,0.663797299962651,128.3789439201355,0,240,1.8694654487055442,0.09970918155380142,7
scene,Uncertainty,0%,10%,0.14333194848358954,0.3531366846697133,0.6519061617420571,153.5311782360077,0,240,1.5632004050087642,0.09970918155380142,5
scene,QBC,0%,10%,0.1789918293865116,0.0,0.45050672911080053,72.26225924491882,0,0,0.0,0.0,0
scene,NoQuery,5%,0%,0.3290336685614342,0.10843900306077832,0.4693167385012597,43.296146631240845,0.47265625,0,0.0,0.0,6
scene,FullSupervision,5%,100%,0.051523101588689696,0.7726278968080454,0.8985389373780278,442.60889410972595,1378.859375,2287,5.167090021089897,1.0,0
scene,Random,5%,10%,0.1515085264538697,0.3038915609969392,0.6328484892651924,123.36221957206726,441.98828125,228,1.848215772956356,0.09969392216878006,2
scene,Uncertainty,5%,10%,0.1825535636204635,0.359860078705728,0.6543957281604855,144.57738661766052,702.94140625,228,1.577010107417097,0.09969392216878006,6
scene,QBC,5%,10%,0.21716950881795655,0.2881504153913424,0.6016676383423213,482.45500469207764,1037.26171875,120,0.2487278582105058,0.052470485351989504,5
scene,NoQuery,10%,0%,0.2795723734810029,0.14490078449469312,0.48815520222995995,41.19412636756897,0,0,0.0,0.0,6
scene,FullSupervision,10%,100%,0.051299800030764495,0.774803876326719,0.8976419545178198,417.0275778770447,248.7734375,2167,5.19629903382292,1.0,0
scene,Random,10%,10%,0.15259190893708657,0.32256575911398244,0.6434822381638255,104.65271425247192,40.125,216,2.0639694014902057,0.09967697277341947,3
scene,Uncertainty,10%,10%,0.17166589755422243,0.34240886017535765,0.634719250651415,125.31999850273132,8.1953125,216,1.7235876362964713,0.09967697277341947,4
scene,QBC,10%,10%,0.1855099215505307,0.3304107060452238,0.6200274549836154,613.215448141098,2321.29296875,216,0.35224161533239684,0.09967697277341947,4
scene,NoQuery,20%,0%,0.2916233991000346,0.14589823468328142,0.48960949054407005,32.266196489334106,0,0,0.0,0.0,6
scene,FullSupervision,20%,100%,0.05347871235721703,0.7611630321910696,0.8913197394505806,366.58508372306824,0,1926,5.253896259060477,1.0,0
scene,Random,20%,10%,0.16104188300449981,0.24922118380062305,0.5957916391327606,92.54672265052795,0.0078125,192,2.074627760996188,0.09968847352024922,4
scene,Uncertainty,20%,10%,0.1887331256490135,0.29698857736240913,0.6015298362650389,107.0354654788971,617.8125,192,1.7937979635156942,0.09968847352024922,5
scene,QBC,20%,10%,0.29162339910003465,0.14589823468328142,0.4897647293285923,168.47387075424194,0.03515625,3,0.017806915615871336,0.001557632398753894,6
scene,NoQuery,30%,0%,0.27270029673590507,0.12047477744807121,0.49571246590534435,29.265077829360962,0.0078125,0,0.0,0.0,3
scene,FullSupervision,30%,100%,0.05459940652818991,0.7548961424332344,0.887782873242814,320.20003938674927,2298.74609375,1685,5.2623353926724405,1.0,0
scene,Random,30%,10%,0.17171117705242336,0.2314540059347181,0.584997901867338,91.95294499397278,297.3515625,164,1.7835209085554538,0.0973293768545994,2
scene,Uncertainty,30%,10%,0.20949554896142433,0.2551928783382789,0.5715121541827775,92.2189576625824,14.69140625,168,1.8217512348674654,0.09970326409495549,4
scene,QBC,30%,10%,0.22611275964391692,0.17566765578635016,0.5313526961004705,414.39479184150696,323.234375,168,0.405410500584319,0.09970326409495549,6
scene,NoQuery,50%,0%,0.27104097452934667,0.1611295681063123,0.5056985972683646,20.107648849487305,0,0,0.0,0.0,0
scene,FullSupervision,50%,100%,0.053156146179401995,0.7558139534883721,0.8947875767643209,236.46166348457336,1546.37109375,1204,5.091734458167458,1.0,0
scene,Random,50%,10%,0.1838316722037652,0.2898671096345515,0.629238397261653,72.92377281188965,77.37109375,120,1.6455539170956737,0.09966777408637874,2
scene,Uncertainty,50%,10%,0.25387596899224807,0.2350498338870432,0.5558592570220477,80.1095404624939,562.328125,120,1.4979489247748492,0.09966777408637874,3
scene,QBC,50%,10%,0.21345514950166114,0.292358803986711,0.6003922111480251,406.99071884155273,96.83203125,120,0.2948470184813175,0.09966777408637874,2
scene,NoQuery,80%,0%,0.1697786998616874,0.1078838174273859,0.5245944926442851,9.123188495635986,0,0,0.0,0.0,0
scene,FullSupervision,80%,100%,0.04979253112033195,0.7634854771784232,0.8930801793872335,85.3900465965271,477.41015625,482,5.644685993409488,1.0,0
scene,Random,80%,10%,0.13762102351313968,0.27593360995850624,0.6209690263632172,22.050772190093994,88.3671875,48,2.1767945170447747,0.0995850622406639,0
scene,Uncertainty,80%,10%,0.15352697095435686,0.23858921161825727,0.5980761976612599,24.885958909988403,0.1875,48,1.9287984912943974,0.0995850622406639,1
scene,QBC,80%,10%,0.17012448132780084,0.25933609958506226,0.5966150090112745,96.72482204437256,0.0234375,48,0.49625317457787593,0.0995850622406639,4
