POOL,,,,,,,,,,,,
Dataset,Strategy,Treino Inicial,Budget,Hamming Loss,Exact Match,F1-score,Execution Time (s),Memory Usage (MB),Queried Instances,Queries/s,Query Rate,Number of Drifts
flags,PoolRandom,0%,10%,0.39837997054491897,0.061855670103092786,0.48674165181897144,3.3845834732055664,28.33203125,19,5.613689291582148,0.0979381443298969,0
flags,PoolUncertainty,0%,10%,0.3888070692194403,0.08247422680412371,0.5046360140432307,4.140146732330322,221.1875,19,4.58920932720316,0.0979381443298969,0
flags,PoolQBC,0%,10%,0.3888070692194403,0.08247422680412371,0.5046360140432307,11.812242031097412,654.00390625,19,1.6085007359297065,0.0979381443298969,0
flags,PoolRandom,5%,10%,0.32432432432432423,0.08648648648648649,0.6557029757029756,1.8211729526519775,0.03125,18,9.883740022488553,0.0972972972972973,0
flags,PoolUncertainty,5%,10%,0.3289575289575289,0.021621621621621623,0.6508133458133457,2.0776619911193848,0.1171875,18,8.663584392907971,0.0972972972972973,0
flags,PoolQBC,5%,10%,0.34054054054054045,0.016216216216216217,0.6391451191451191,7.303224563598633,0,18,2.464664730387337,0.0972972972972973,0
flags,PoolRandom,10%,10%,0.3224489795918367,0.06857142857142857,0.6449298796441654,1.4613316059112549,0,17,11.633225430308247,0.09714285714285714,0
flags,PoolUncertainty,10%,10%,0.31102040816326526,0.11428571428571428,0.6546704882419168,1.8935809135437012,0,17,8.977699277812066,0.09714285714285714,0
flags,PoolQBC,10%,10%,0.3208163265306122,0.09714285714285714,0.6509321472178614,5.588272333145142,0,17,3.042085100106818,0.09714285714285714,0
flags,PoolRandom,20%,10%,0.3021978021978022,0.09615384615384616,0.6738095238095237,1.5233917236328125,0,15,9.846449713032243,0.09615384615384616,0
flags,PoolUncertainty,20%,10%,0.30128205128205127,0.08333333333333333,0.6772308709808709,3.424675703048706,8.0234375,15,4.379976762952106,0.09615384615384616,0
flags,PoolQBC,20%,10%,0.29945054945054944,0.08974358974358974,0.6772114459614459,5.425642490386963,0,15,2.7646495371887623,0.09615384615384616,0
flags,PoolRandom,30%,10%,0.3161764705882352,0.08823529411764706,0.6606264854426618,1.4083819389343262,0,13,9.230450661584491,0.09558823529411764,0
flags,PoolUncertainty,30%,10%,0.31827731092436967,0.08823529411764706,0.6570189818351583,2.2661750316619873,0,13,5.7365383601750946,0.09558823529411764,0
flags,PoolQBC,30%,10%,0.3109243697478991,0.09558823529411764,0.6645645000424412,5.2680511474609375,0,13,2.4677057295211835,0.09558823529411764,0
flags,PoolRandom,50%,10%,0.26509572901325473,0.10309278350515463,0.7097897234495173,2.05057954788208,0.00390625,9,4.389003103681375,0.09278350515463918,0
flags,PoolUncertainty,50%,10%,0.26509572901325473,0.10309278350515463,0.7097897234495173,0.8211724758148193,0.1796875,9,10.959938703583106,0.09278350515463918,0
flags,PoolQBC,50%,10%,0.26509572901325473,0.10309278350515463,0.7097897234495173,3.837656259536743,280.515625,9,2.3451813792948775,0.09278350515463918,0
flags,PoolRandom,80%,10%,0.29670329670329676,0.10256410256410256,0.6607280184203262,0.2907595634460449,0,3,10.317803357675965,0.07692307692307693,0
flags,PoolUncertainty,80%,10%,0.29670329670329676,0.10256410256410256,0.6607280184203262,0.5357100963592529,0.00390625,3,5.600043793067077,0.07692307692307693,0
flags,PoolQBC,80%,10%,0.29670329670329676,0.10256410256410256,0.6607280184203262,1.255014181137085,0,3,2.3904112360562326,0.07692307692307693,0
emotions,PoolRandom,0%,10%,0.2774030354131535,0.11804384485666104,0.5657779919162718,11.714648008346558,561.640625,59,5.0364296014667405,0.09949409780775717,0
emotions,PoolUncertainty,0%,10%,0.27318718381112983,0.13322091062394603,0.5909163910850252,13.79971194267273,264.7734375,59,4.275451563416683,0.09949409780775717,0
emotions,PoolQBC,0%,10%,0.2779651489600899,0.12141652613827993,0.5579919892736082,56.75292611122131,2062.12890625,59,1.0395939741393245,0.09949409780775717,0
emotions,PoolRandom,5%,10%,0.25975177304964536,0.15425531914893617,0.6377126764094849,11.62484860420227,0,56,4.8172670377622415,0.09929078014184398,0
emotions,PoolUncertainty,5%,10%,0.27186761229314416,0.14716312056737588,0.6480462553600852,12.949660539627075,285.8828125,56,4.324437681484791,0.09929078014184398,0
emotions,PoolQBC,5%,10%,0.26034278959810875,0.1524822695035461,0.6428243938882237,43.58126354217529,346.02734375,56,1.2849558605800084,0.09929078014184398,0
emotions,PoolRandom,10%,10%,0.24687890137328336,0.1760299625468165,0.6761745329161059,8.27558946609497,0,53,6.404377623750019,0.09925093632958802,0
emotions,PoolUncertainty,10%,10%,0.2602996254681648,0.14232209737827714,0.6468017521388308,12.023010730743408,0.01171875,53,4.4082136485561385,0.09925093632958802,0
emotions,PoolQBC,10%,10%,0.2609238451935081,0.15917602996254682,0.6518509060643892,44.303197622299194,6.25390625,53,1.196301911474747,0.09925093632958802,0
emotions,PoolRandom,20%,10%,0.252280701754386,0.17684210526315788,0.6570423786739576,8.998166799545288,0,47,5.223286147837923,0.09894736842105263,0
emotions,PoolUncertainty,20%,10%,0.24105263157894738,0.17894736842105263,0.6762404496088706,9.983123064041138,0,47,4.707945569587574,0.09894736842105263,0
emotions,PoolQBC,20%,10%,0.24842105263157896,0.1831578947368421,0.6613418394471027,44.885125398635864,0.171875,47,1.0471174934364427,0.09894736842105263,0
emotions,PoolRandom,30%,10%,0.24759615384615385,0.16826923076923078,0.6439978424353423,7.348217248916626,0,41,5.579584627284227,0.0985576923076923,0
emotions,PoolUncertainty,30%,10%,0.2423878205128205,0.15144230769230768,0.6459765928515928,10.587059020996094,0,41,3.8726524447147623,0.0985576923076923,0
emotions,PoolQBC,30%,10%,0.2520032051282051,0.1466346153846154,0.6287660256410257,44.26181602478027,0.4375,41,0.9263063218428697,0.0985576923076923,0
emotions,PoolRandom,50%,10%,0.23625140291806956,0.21548821548821548,0.6583255595881858,5.150022268295288,0,29,5.631043612865641,0.09764309764309764,0
emotions,PoolUncertainty,50%,10%,0.234006734006734,0.24242424242424243,0.6612790968851574,5.677161931991577,0.02734375,29,5.10818615840092,0.09764309764309764,0
emotions,PoolQBC,50%,10%,0.2356902356902357,0.23232323232323232,0.65648038829857,31.539191961288452,0.23828125,29,0.9194908999442635,0.09764309764309764,0
emotions,PoolRandom,80%,10%,0.21288515406162464,0.2689075630252101,0.6746635017643422,1.898951768875122,0,11,5.792669503405053,0.09243697478991597,0
emotions,PoolUncertainty,80%,10%,0.21428571428571425,0.2773109243697479,0.6701917130488559,2.4937336444854736,0,11,4.411056499287679,0.09243697478991597,0
emotions,PoolQBC,80%,10%,0.21148459383753507,0.2773109243697479,0.677271211514909,11.480012893676758,0.01171875,11,0.9581870771294037,0.09243697478991597,0
scene,PoolRandom,0%,10%,0.20301897244149014,0.211882010801828,0.5706812171810094,122.06455755233765,0,240,1.9661726942900288,0.1,6
scene,PoolUncertainty,0%,10%,0.20828140146794075,0.1695056086414624,0.5568557406218395,167.66833233833313,2315.65625,240,1.4313973107080882,0.1,4
scene,PoolQBC,0%,10%,0.19027835479850436,0.21645201495637723,0.5755906593983038,661.081550359726,3521.11328125,240,0.3630414430253039,0.1,5
scene,PoolRandom,5%,10%,0.1954525579361609,0.17490161783996502,0.5537615993781276,119.44565010070801,2539.82421875,228,1.9088179419490516,0.09969392216878006,2
scene,PoolUncertainty,5%,10%,0.18299081766506337,0.27590730214254483,0.6068935970991065,157.34063744544983,82.01953125,228,1.449085269398682,0.09969392216878006,7
scene,PoolQBC,5%,10%,0.18823786620026237,0.20507214691735898,0.5781948253854681,655.6346015930176,2603.5546875,228,0.3477546783620338,0.09969392216878006,2
scene,PoolRandom,10%,10%,0.17697277341947393,0.233502538071066,0.5819196813543837,108.86918306350708,0,216,1.984032523455236,0.09967697277341947,5
scene,PoolUncertainty,10%,10%,0.1598984771573604,0.28564836179049374,0.6151383470142122,138.89475989341736,0.02734375,216,1.5551342625578555,0.09967697277341947,5
scene,PoolQBC,10%,10%,0.1782802645746808,0.20996769727734194,0.568327599949658,584.6185781955719,805.640625,216,0.3694716658965664,0.09967697277341947,3
scene,PoolRandom,20%,10%,0.19254067151263413,0.15005192107995846,0.5323064497519326,89.84120583534241,0.546875,192,2.1371039960426446,0.09968847352024922,3
scene,PoolUncertainty,20%,10%,0.19591554170993422,0.16978193146417445,0.5398875829950597,127.62120366096497,0.75390625,192,1.5044521951858565,0.09968847352024922,3
scene,PoolQBC,20%,10%,0.19695396330910347,0.13395638629283488,0.516642410606585,520.6420996189117,388.30859375,192,0.3687754027969232,0.09968847352024922,3
scene,PoolRandom,30%,10%,0.19505440158259146,0.15489614243323443,0.5388212990438509,95.59055256843567,0,168,1.7574958558768095,0.09970326409495549,1
scene,PoolUncertainty,30%,10%,0.18971315529179028,0.21008902077151334,0.5805173395677846,121.20978546142578,0.0078125,168,1.3860267086560012,0.09970326409495549,2
scene,PoolQBC,30%,10%,0.21810089020771514,0.13887240356083086,0.5216865989269549,516.4810872077942,320.15625,168,0.3252781256875125,0.09970326409495549,3
scene,PoolRandom,50%,10%,0.23089700996677742,0.10382059800664452,0.5008578307996912,72.74741792678833,815.19921875,120,1.6495430823505763,0.1,1
scene,PoolUncertainty,50%,10%,0.2378183831672204,0.1461794019933555,0.5323693748112353,93.29747772216797,442.13671875,120,1.2862084048761735,0.1,0
scene,PoolQBC,50%,10%,0.23283499446290143,0.1893687707641196,0.5445314859559046,437.27025866508484,33.82421875,120,0.2744298237120918,0.1,3
scene,PoolRandom,80%,10%,0.15733056708160442,0.19294605809128632,0.5717674672031517,23.936081409454346,254.90625,48,2.0053407731576653,0.0995850622406639,0
scene,PoolUncertainty,80%,10%,0.16182572614107885,0.19294605809128632,0.5763066348128589,29.93541121482849,0.1171875,48,1.603452167586167,0.0995850622406639,0
scene,PoolQBC,80%,10%,0.16009681881051174,0.1887966804979253,0.5782136719896056,134.8018443584442,0.328125,48,0.35607821412566004,0.0995850622406639,0
